-- phpMyAdmin SQL Dump
-- version 4.6.5.2
-- https://www.phpmyadmin.net/
--
-- Host: localhost
-- Generation Time: May 02, 2018 at 04:36 PM
-- Server version: 10.1.21-MariaDB
-- PHP Version: 5.6.30

SET SQL_MODE = "NO_AUTO_VALUE_ON_ZERO";
SET time_zone = "+00:00";


/*!40101 SET @OLD_CHARACTER_SET_CLIENT=@@CHARACTER_SET_CLIENT */;
/*!40101 SET @OLD_CHARACTER_SET_RESULTS=@@CHARACTER_SET_RESULTS */;
/*!40101 SET @OLD_COLLATION_CONNECTION=@@COLLATION_CONNECTION */;
/*!40101 SET NAMES utf8mb4 */;

--
-- Database: `neighbo1_nm`
--

-- --------------------------------------------------------

--
-- Table structure for table `Bookmark_host`
--

CREATE TABLE `Bookmark_host` (
  `id` varchar(36) COLLATE utf8_bin NOT NULL,
  `user_id` varchar(36) COLLATE utf8_bin NOT NULL,
  `host_id` varchar(36) COLLATE utf8_bin NOT NULL,
  `status` int(11) NOT NULL,
  `created` datetime NOT NULL DEFAULT CURRENT_TIMESTAMP
) ENGINE=InnoDB DEFAULT CHARSET=utf8 COLLATE=utf8_bin;

-- --------------------------------------------------------

--
-- Table structure for table `forgot_token`
--

CREATE TABLE `forgot_token` (
  `id` varchar(36) COLLATE utf8_bin NOT NULL,
  `user_id` varchar(36) COLLATE utf8_bin NOT NULL,
  `forgot_token` varchar(36) COLLATE utf8_bin NOT NULL,
  `valid` tinyint(1) NOT NULL,
  `created` datetime NOT NULL DEFAULT CURRENT_TIMESTAMP
) ENGINE=InnoDB DEFAULT CHARSET=utf8 COLLATE=utf8_bin;

--
-- Dumping data for table `forgot_token`
--

INSERT INTO `forgot_token` (`id`, `user_id`, `forgot_token`, `valid`, `created`) VALUES
('49281975-ba26-4442-a990-83450f45b140', '2c36615c-2772-460e-8e7e-2bd01653ee63', 'aa688557-e3f2-4a53-aa44-6f7c79119bf6', 0, '2018-03-24 12:06:07'),
('2f0a3454-d76f-4ea4-8cc7-79518dfa9fc6', '2c36615c-2772-460e-8e7e-2bd01653ee63', 'e56edfd1-99d1-4582-82ae-590d23ed0af8', 0, '2018-03-24 12:07:27'),
('c40edf1e-873e-45af-8c04-89966163979d', '2c36615c-2772-460e-8e7e-2bd01653ee63', '93ce9683-8b13-49e6-82d4-f3b22f28116a', 0, '2018-03-24 12:08:15'),
('3c70b03a-d360-4faa-b470-3a2953a7dfc3', '2c36615c-2772-460e-8e7e-2bd01653ee63', 'a10382df-6cd4-4b31-82ee-46f6fe8a6f48', 0, '2018-03-24 12:08:29'),
('2ae7ba88-6312-4bf2-9589-00a5187e5268', '2c36615c-2772-460e-8e7e-2bd01653ee63', '5ede04e0-bcf3-4178-9453-7565f72b8e58', 1, '2018-03-24 12:10:21'),
('de8525a4-ae74-4481-8053-422a79366655', '2c36615c-2772-460e-8e7e-2bd01653ee63', '1e5a3766-5f73-4055-82b7-f1ac587eda4e', 1, '2018-03-24 19:15:19'),
('c30cee4b-5528-4b7c-bd37-3b219d5bea50', '2c36615c-2772-460e-8e7e-2bd01653ee63', '66475cec-e817-4b3a-b1a2-5d8d588da409', 0, '2018-03-24 19:16:51'),
('12246770-6304-46ae-a2cc-27e98108bd14', '2c36615c-2772-460e-8e7e-2bd01653ee63', '682ee6e3-b3b3-4027-8264-db2328217585', 0, '2018-03-24 19:20:06'),
('4567da2d-fd9d-438f-997d-f286d57359d1', '2c36615c-2772-460e-8e7e-2bd01653ee63', 'a233d5f5-5165-4740-ab36-4464d4ce5b9c', 0, '2018-03-24 19:22:59'),
('06e6cbab-190a-49c5-bd30-550f2a7c8ff9', '2c36615c-2772-460e-8e7e-2bd01653ee63', '2dbd06fa-3c53-418d-9d6c-1f345f2ef81a', 0, '2018-03-24 19:24:08');

-- --------------------------------------------------------

--
-- Table structure for table `join_user`
--

CREATE TABLE `join_user` (
  `id` varchar(36) NOT NULL,
  `user_id` varchar(36) NOT NULL,
  `meal_id` varchar(36) NOT NULL,
  `status` int(11) NOT NULL,
  `created` datetime NOT NULL,
  `modified` datetime NOT NULL
) ENGINE=InnoDB DEFAULT CHARSET=utf8;

-- --------------------------------------------------------

--
-- Table structure for table `meal`
--

CREATE TABLE `meal` (
  `id` varchar(36) NOT NULL,
  `user_id` varchar(36) NOT NULL,
  `place_id` varchar(36) NOT NULL,
  `capacity` int(11) NOT NULL,
  `budget` double(9,2) NOT NULL,
  `start_datetime` datetime NOT NULL,
  `end_datetime` datetime NOT NULL,
  `comment` text NOT NULL,
  `status` int(11) NOT NULL,
  `created` datetime NOT NULL,
  `modified` datetime NOT NULL
) ENGINE=InnoDB DEFAULT CHARSET=utf8;

--
-- Dumping data for table `meal`
--

INSERT INTO `meal` (`id`, `user_id`, `place_id`, `capacity`, `budget`, `start_datetime`, `end_datetime`, `comment`, `status`, `created`, `modified`) VALUES
('c7a86313-3b95-46c5-9852-56d0fd03e1f6', 'ea08a314-c685-4933-9961-23a12df4e57e', '4138a876-c83d-462b-b0aa-00a36c9be81a', 0, 0.00, '2018-01-01 10:00:00', '2018-01-01 13:00:00', 'Please ring entrance bell', 1, '2017-12-09 01:23:16', '2017-12-09 01:23:16'),
('4ddf86d1-b53e-4f20-b114-181efea25477', '2c36615c-2772-460e-8e7e-2bd01653ee63', '2c36615c-2772-460e-8e7e-2bd01653ee64', 0, 0.00, '0000-00-00 00:00:00', '0000-00-00 00:00:00', '', 1, '2018-02-05 03:43:23', '2018-02-06 06:02:11'),
('ef26b0c1-0918-4538-a81d-4903fd715c11', '2c36615c-2772-460e-8e7e-2bd01653ee63', 'a4b706c6-8345-416b-88f5-5a1cb1c33a22', 0, 0.00, '2018-04-01 18:00:00', '2018-04-01 22:30:00', '', 1, '2018-02-17 15:29:13', '2018-03-22 12:07:17'),
('1179f745-f6c0-49cf-a9f6-c3fa471cc8fb', '2c36615c-2772-460e-8e7e-2bd01653ee63', 'c254f4a8-d8cd-48b2-8f82-c198168257b9', 0, 0.00, '2018-04-02 18:00:00', '2018-04-02 20:00:00', '', 1, '2018-02-25 05:55:49', '2018-03-06 08:20:12'),
('2658ac89-a2c6-4de7-98f3-db9ff198c79b', '2c36615c-2772-460e-8e7e-2bd01653ee63', '3fc756d9-adac-4382-831b-af075f9336f0', 123, 0.00, '2018-03-22 13:43:00', '2018-03-22 13:43:00', 'test', 0, '2018-03-22 13:50:37', '2018-03-22 13:50:37'),
('9168204f-291e-44c7-8645-9630bccabf3d', '2c36615c-2772-460e-8e7e-2bd01653ee63', '3fc756d9-adac-4382-831b-af075f9336f0', 123, 0.00, '2018-03-22 13:57:00', '2018-03-22 13:57:00', '', 0, '2018-03-22 13:57:31', '2018-03-22 13:57:31'),
('e95ea8f5-ee0e-4644-90ac-bfadefe753b6', '2c36615c-2772-460e-8e7e-2bd01653ee63', '3fc756d9-adac-4382-831b-af075f9336f0', 123, 0.00, '2018-03-22 13:57:00', '2018-03-22 13:57:00', '', 0, '2018-03-22 13:58:00', '2018-03-22 13:58:00'),
('ea163cbe-5e41-4f56-8a94-afa8d3cadd6a', '2c36615c-2772-460e-8e7e-2bd01653ee63', '3fc756d9-adac-4382-831b-af075f9336f0', 123, 0.00, '2018-03-22 13:59:00', '2018-03-22 13:59:00', '', 0, '2018-03-22 13:59:25', '2018-03-22 13:59:25'),
('d295abe5-b262-4c49-bce5-48eb610a357b', '2c36615c-2772-460e-8e7e-2bd01653ee63', '3fc756d9-adac-4382-831b-af075f9336f0', 0, 0.00, '2018-03-22 14:00:00', '2018-03-22 14:00:00', '', 0, '2018-03-22 14:00:55', '2018-03-22 14:00:55'),
('dfdb372d-a891-4742-998b-210067f2ee5c', '2c36615c-2772-460e-8e7e-2bd01653ee63', '3fc756d9-adac-4382-831b-af075f9336f0', 0, 0.00, '2018-03-22 14:01:00', '2018-03-22 14:01:00', '', 0, '2018-03-22 14:02:03', '2018-03-22 14:02:03'),
('c2a0c455-8903-448a-baf9-44ed9d4e6d34', '2c36615c-2772-460e-8e7e-2bd01653ee63', '3fc756d9-adac-4382-831b-af075f9336f0', 0, 0.00, '2018-03-22 14:02:00', '2018-03-22 14:02:00', '', 0, '2018-03-22 14:03:01', '2018-03-22 14:03:01'),
('944daa0f-9762-424e-939b-ec696ba58792', '2c36615c-2772-460e-8e7e-2bd01653ee63', '3fc756d9-adac-4382-831b-af075f9336f0', 0, 0.00, '2018-03-22 14:03:00', '2018-03-22 14:03:00', '', 0, '2018-03-22 14:03:44', '2018-03-22 14:03:44'),
('a956868d-5f26-4742-a3ec-36fa35d50455', '2c36615c-2772-460e-8e7e-2bd01653ee63', '3fc756d9-adac-4382-831b-af075f9336f0', 0, 0.00, '2018-03-22 14:04:00', '2018-03-22 14:04:00', '', 0, '2018-03-22 14:04:56', '2018-03-22 14:04:56'),
('54607a2e-3f1b-4f1e-af4e-8c1ff86996ff', '2c36615c-2772-460e-8e7e-2bd01653ee63', '3fc756d9-adac-4382-831b-af075f9336f0', 0, 0.00, '2018-03-22 14:05:00', '2018-03-22 14:05:00', '', 0, '2018-03-22 14:05:22', '2018-03-22 14:05:22'),
('6430d1bc-5ca1-498a-ab96-b2441b89821d', '2c36615c-2772-460e-8e7e-2bd01653ee63', '3fc756d9-adac-4382-831b-af075f9336f0', 0, 0.00, '2018-03-22 14:05:00', '2018-03-22 14:05:00', '', 0, '2018-03-22 14:05:56', '2018-03-22 14:05:56'),
('83d33c70-cf8a-4dcf-a387-18d835ff275d', '2c36615c-2772-460e-8e7e-2bd01653ee63', '3fc756d9-adac-4382-831b-af075f9336f0', 0, 0.00, '2018-03-22 14:06:00', '2018-03-22 14:06:00', '', 0, '2018-03-22 14:09:20', '2018-03-22 14:09:20'),
('ab6ac54a-34ad-449a-b0a7-320e0aae02d9', '2c36615c-2772-460e-8e7e-2bd01653ee63', '3fc756d9-adac-4382-831b-af075f9336f0', 0, 0.00, '2018-03-27 09:01:00', '2018-03-27 09:01:00', '', 1, '2018-03-27 09:02:03', '2018-03-27 09:03:26'),
('608b13d0-b746-4c9c-b267-fbe23d23b33e', '2c36615c-2772-460e-8e7e-2bd01653ee63', '3fc756d9-adac-4382-831b-af075f9336f0', 0, 0.00, '2018-03-31 13:36:00', '2018-03-31 13:36:00', '', 1, '2018-03-31 13:36:20', '2018-04-04 11:10:40'),
('5d8018db-49ef-4a51-92c2-cf97e0cd8d35', '2c36615c-2772-460e-8e7e-2bd01653ee63', '3fc756d9-adac-4382-831b-af075f9336f0', 1, 123.00, '2018-04-17 05:43:00', '2018-04-17 05:43:00', 'abcde', 0, '2018-04-17 05:43:28', '2018-04-17 05:43:28'),
('a1617671-f98f-4ca8-96ae-362eb39e8f36', '2c36615c-2772-460e-8e7e-2bd01653ee63', '3fc756d9-adac-4382-831b-af075f9336f0', 1, 123.00, '2018-04-17 10:42:00', '2018-04-17 10:42:00', 'abc', 1, '2018-04-17 10:42:31', '2018-04-17 10:42:42'),
('8162fc15-a5ef-4221-8bf1-f255932f0fe3', '2c36615c-2772-460e-8e7e-2bd01653ee63', '3fc756d9-adac-4382-831b-af075f9336f0', 123, 123.00, '2018-04-20 13:08:00', '2018-04-20 13:08:00', 'abc', 0, '2018-04-20 13:08:27', '2018-04-20 13:08:27'),
('34044afe-074c-4668-94ac-229d7b650bd3', '2c36615c-2772-460e-8e7e-2bd01653ee63', '3fc756d9-adac-4382-831b-af075f9336f0', 123, 1.00, '2018-04-24 13:39:00', '2018-04-24 13:39:00', 'abc', 0, '2018-04-24 13:39:14', '2018-04-24 13:39:14'),
('949189bb-3b4b-4090-8dec-6e42904c8d1d', '2c36615c-2772-460e-8e7e-2bd01653ee63', '3fc756d9-adac-4382-831b-af075f9336f0', 1, 213.00, '2018-04-29 16:07:00', '2018-04-29 16:07:00', 'test', 0, '2018-04-29 16:07:26', '2018-04-29 16:07:26');

-- --------------------------------------------------------

--
-- Table structure for table `meal_detail`
--

CREATE TABLE `meal_detail` (
  `id` varchar(36) NOT NULL,
  `meal_id` varchar(36) NOT NULL,
  `user_id` varchar(36) NOT NULL,
  `name` varchar(50) NOT NULL,
  `description` text NOT NULL,
  `category` varchar(50) NOT NULL,
  `price` double(9,2) NOT NULL,
  `photo` text NOT NULL,
  `main_meal` tinyint(1) NOT NULL,
  `created` datetime NOT NULL,
  `modified` datetime NOT NULL
) ENGINE=InnoDB DEFAULT CHARSET=utf8;

--
-- Dumping data for table `meal_detail`
--

INSERT INTO `meal_detail` (`id`, `meal_id`, `user_id`, `name`, `description`, `category`, `price`, `photo`, `main_meal`, `created`, `modified`) VALUES
('b5e0d7bf-cf52-488b-a1a3-05eb4118a232', '4ddf86d1-b53e-4f20-b114-181efea25477', '2c36615c-2772-460e-8e7e-2bd01653ee63', 'a', 'b', '', 10.00, 'd', 1, '2018-02-05 03:43:23', '2018-02-05 03:43:23'),
('12767a6d-01fa-40f4-9063-3246539894de', '4ddf86d1-b53e-4f20-b114-181efea25477', '2c36615c-2772-460e-8e7e-2bd01653ee63', 'new item', 'this is new', '', 10.00, '', 0, '2018-02-05 14:54:11', '2018-02-05 14:54:11'),
('65eb14da-bef5-47f4-80d0-a741496f9e1d', '4ddf86d1-b53e-4f20-b114-181efea25477', '2c36615c-2772-460e-8e7e-2bd01653ee63', 'test_input', 'testcd', '', 9.99, '', 0, '2018-02-05 14:54:11', '2018-02-05 14:54:11'),
('a1497430-6fc9-4bab-9b1a-79442a62620d', '4ddf86d1-b53e-4f20-b114-181efea25477', '2c36615c-2772-460e-8e7e-2bd01653ee63', 'new item', 'this is new', '', 10.00, '', 0, '2018-02-05 14:54:19', '2018-02-05 14:54:19'),
('279f9799-2fd1-4706-b1f4-3a0e312014a7', '4ddf86d1-b53e-4f20-b114-181efea25477', '2c36615c-2772-460e-8e7e-2bd01653ee63', 'test_input', 'testcd', '', 9.99, '', 0, '2018-02-05 14:54:19', '2018-02-05 14:54:19'),
('72687361-d76e-4f2c-b3b4-e19507f12d62', 'ef26b0c1-0918-4538-a81d-4903fd715c11', '2c36615c-2772-460e-8e7e-2bd01653ee63', 'Sushi Platter', 'This is for party!!', '', 99.00, '', 1, '2018-02-17 15:29:13', '2018-02-17 15:29:13'),
('f13c5068-3b69-443b-ad11-9dbaeb88b239', 'ef26b0c1-0918-4538-a81d-4903fd715c11', '2c36615c-2772-460e-8e7e-2bd01653ee63', '炊き込みご飯5', 'きのこと豚肉炊き込みご飯', '', 7.50, '683d1ece-882c-4000-a692-e2cf777f68fc.jpg', 0, '2018-02-17 15:29:17', '2018-02-17 15:29:17'),
('d141fa26-d5c8-4369-a742-bdd59707c582', 'ef26b0c1-0918-4538-a81d-4903fd715c11', '2c36615c-2772-460e-8e7e-2bd01653ee63', '厚揚げのお味噌汁', '', '', 3.40, 'ffd30e9b-b3c4-41a9-ba78-e1bb44bc4da0.jpg', 0, '2018-02-17 15:29:17', '2018-02-17 15:29:17'),
('40e2783a-1908-4087-8605-e8d7cc2327e5', '1179f745-f6c0-49cf-a9f6-c3fa471cc8fb', '2c36615c-2772-460e-8e7e-2bd01653ee63', 'TEST', 'MEAL', '', 99.00, '', 1, '2018-02-25 05:55:49', '2018-02-25 05:55:49'),
('6f2fd59b-cbb5-469c-a040-9dbe38a9dbe2', '1179f745-f6c0-49cf-a9f6-c3fa471cc8fb', '2c36615c-2772-460e-8e7e-2bd01653ee63', '炊き込みご飯5', 'きのこと豚肉炊き込みご飯', '', 7.50, '683d1ece-882c-4000-a692-e2cf777f68fc.jpg', 0, '2018-02-25 05:55:53', '2018-02-25 05:55:53'),
('174ce33f-dd03-4fd1-8dd2-5db3fb1aeb71', 'd295abe5-b262-4c49-bce5-48eb610a357b', '2c36615c-2772-460e-8e7e-2bd01653ee63', 'a', 'b', '', 10.00, '', 1, '2018-03-22 14:00:55', '2018-03-22 14:00:55'),
('15e1d75b-7a01-49e6-bc4b-ffeb4e311a7c', '83d33c70-cf8a-4dcf-a387-18d835ff275d', '2c36615c-2772-460e-8e7e-2bd01653ee63', 'test', '', '', 0.00, '', 1, '2018-03-22 14:09:20', '2018-03-22 14:09:20'),
('f2dec7fa-dde0-48b3-a1c3-9183b63c7b8d', 'ab6ac54a-34ad-449a-b0a7-320e0aae02d9', '2c36615c-2772-460e-8e7e-2bd01653ee63', '', '', '', 0.00, '', 1, '2018-03-27 09:02:03', '2018-03-27 09:02:03'),
('a2dbd007-7efd-44d4-823e-b777f240e888', '608b13d0-b746-4c9c-b267-fbe23d23b33e', '2c36615c-2772-460e-8e7e-2bd01653ee63', '', '', '', 0.00, '', 1, '2018-03-31 13:36:20', '2018-03-31 13:36:20'),
('01ac44e9-c785-42ea-b4d1-d73fa3680c71', '5d8018db-49ef-4a51-92c2-cf97e0cd8d35', '2c36615c-2772-460e-8e7e-2bd01653ee63', 'test', 'test', '', 123.00, '', 1, '2018-04-17 05:43:28', '2018-04-17 05:43:28'),
('1df6c222-785c-473c-a7ae-3eed00c33f24', 'a1617671-f98f-4ca8-96ae-362eb39e8f36', '2c36615c-2772-460e-8e7e-2bd01653ee63', 'a', 'b', '', 123.00, '', 1, '2018-04-17 10:42:31', '2018-04-17 10:42:31'),
('9260c453-e79c-41bb-8e5c-566d5845d0e4', '8162fc15-a5ef-4221-8bf1-f255932f0fe3', '2c36615c-2772-460e-8e7e-2bd01653ee63', 'a', 'b', '', 123.00, '', 1, '2018-04-20 13:08:27', '2018-04-20 13:08:27'),
('ec08c18a-a461-4cad-af8f-5e63dba4d99c', '34044afe-074c-4668-94ac-229d7b650bd3', '2c36615c-2772-460e-8e7e-2bd01653ee63', 'a', 'b', '', 1.00, '', 1, '2018-04-24 13:39:14', '2018-04-24 13:39:14'),
('8ec5e271-4c19-42ea-80e9-bbbbe8e74578', '949189bb-3b4b-4090-8dec-6e42904c8d1d', '2c36615c-2772-460e-8e7e-2bd01653ee63', 'a', 'b', '', 213.00, '', 1, '2018-04-29 16:07:26', '2018-04-29 16:07:26');

-- --------------------------------------------------------

--
-- Table structure for table `meal_order`
--

CREATE TABLE `meal_order` (
  `id` varchar(36) CHARACTER SET latin1 NOT NULL,
  `user_id` varchar(36) CHARACTER SET latin1 NOT NULL,
  `meal_id` varchar(36) CHARACTER SET latin1 NOT NULL,
  `meal_detail_id` varchar(36) CHARACTER SET latin1 NOT NULL,
  `price` double(9,2) NOT NULL,
  `quantity` double(9,2) NOT NULL,
  `created` datetime NOT NULL,
  `modified` datetime NOT NULL DEFAULT CURRENT_TIMESTAMP
) ENGINE=InnoDB DEFAULT CHARSET=utf8 ROW_FORMAT=DYNAMIC;

--
-- Dumping data for table `meal_order`
--

INSERT INTO `meal_order` (`id`, `user_id`, `meal_id`, `meal_detail_id`, `price`, `quantity`, `created`, `modified`) VALUES
('27428e40-c53c-4f9f-a173-bbfbdc91b31f', '2c36615c-2772-460e-8e7e-2bd01653ee63', '4ddf86d1-b53e-4f20-b114-181efea25477', 'b5e0d7bf-cf52-488b-a1a3-05eb4118a232', 10.00, 1.00, '2018-02-11 02:45:09', '2018-02-11 02:45:09'),
('87f34dc1-ce2f-4d44-84f7-a6b4beece94a', '2c36615c-2772-460e-8e7e-2bd01653ee63', '4ddf86d1-b53e-4f20-b114-181efea25477', '12767a6d-01fa-40f4-9063-3246539894de', 10.00, 1.00, '2018-02-11 02:45:09', '2018-02-11 02:45:09'),
('4426f9a7-9f70-4703-856b-df46a5d49a46', '2c36615c-2772-460e-8e7e-2bd01653ee63', '4ddf86d1-b53e-4f20-b114-181efea25477', '65eb14da-bef5-47f4-80d0-a741496f9e1d', 9.99, 1.00, '2018-02-11 02:45:09', '2018-02-11 02:45:09'),
('6736f565-66fa-44af-9295-fd19ebf2bffa', '2c36615c-2772-460e-8e7e-2bd01653ee63', '4ddf86d1-b53e-4f20-b114-181efea25477', '-1', 29.99, 1.00, '2018-02-11 02:45:09', '2018-02-11 02:45:09'),
('9f48d5be-b24e-49f7-a367-089bf0c869fe', '2c36615c-2772-460e-8e7e-2bd01653ee63', 'ef26b0c1-0918-4538-a81d-4903fd715c11', '72687361-d76e-4f2c-b3b4-e19507f12d62', 99.00, 1.00, '2018-03-10 14:39:49', '2018-03-10 14:39:49'),
('6a39367d-2a6f-4456-a496-e74a40c3b119', '2c36615c-2772-460e-8e7e-2bd01653ee63', 'ef26b0c1-0918-4538-a81d-4903fd715c11', 'f13c5068-3b69-443b-ad11-9dbaeb88b239', 7.50, 1.00, '2018-03-10 14:39:49', '2018-03-10 14:39:49'),
('d762d3e2-b86d-47ab-b5ca-07e57d5b898a', '2c36615c-2772-460e-8e7e-2bd01653ee63', 'ef26b0c1-0918-4538-a81d-4903fd715c11', 'd141fa26-d5c8-4369-a742-bdd59707c582', 3.40, 1.00, '2018-03-10 14:39:49', '2018-03-10 14:39:49'),
('2389737a-1ddb-465c-844e-b32cd4602f02', '2c36615c-2772-460e-8e7e-2bd01653ee63', 'ef26b0c1-0918-4538-a81d-4903fd715c11', '-1', 109.90, 1.00, '2018-03-10 14:39:49', '2018-03-10 14:39:49'),
('95b2fde9-c42f-4357-9931-e63d2f8b0168', '2c36615c-2772-460e-8e7e-2bd01653ee63', 'ef26b0c1-0918-4538-a81d-4903fd715c11', '72687361-d76e-4f2c-b3b4-e19507f12d62', 99.00, 1.00, '2018-03-27 09:17:07', '2018-03-27 09:17:07'),
('2cabd435-c2a6-4130-b1bb-4f74b14c5622', '2c36615c-2772-460e-8e7e-2bd01653ee63', 'ef26b0c1-0918-4538-a81d-4903fd715c11', '-1', 99.00, 1.00, '2018-03-27 09:17:07', '2018-03-27 09:17:07'),
('6342ee0d-74b6-4790-8a41-73e4c2ea3d49', '2c36615c-2772-460e-8e7e-2bd01653ee63', 'ef26b0c1-0918-4538-a81d-4903fd715c11', '72687361-d76e-4f2c-b3b4-e19507f12d62', 99.00, 1.00, '2018-03-27 09:58:42', '2018-03-27 09:58:42'),
('002f558c-8dd3-48a4-83ef-c6e59e785184', '2c36615c-2772-460e-8e7e-2bd01653ee63', 'ef26b0c1-0918-4538-a81d-4903fd715c11', 'f13c5068-3b69-443b-ad11-9dbaeb88b239', 7.50, 1.00, '2018-03-27 09:58:42', '2018-03-27 09:58:42'),
('b862df29-3b2a-4fa1-9a5f-4cce3a69a686', '2c36615c-2772-460e-8e7e-2bd01653ee63', 'ef26b0c1-0918-4538-a81d-4903fd715c11', 'd141fa26-d5c8-4369-a742-bdd59707c582', 3.40, 1.00, '2018-03-27 09:58:42', '2018-03-27 09:58:42'),
('392a5fe5-4c1b-4407-a4df-ca2c404e678a', '2c36615c-2772-460e-8e7e-2bd01653ee63', 'ef26b0c1-0918-4538-a81d-4903fd715c11', '-1', 109.90, 1.00, '2018-03-27 09:58:42', '2018-03-27 09:58:42'),
('fa6f2ea6-b45c-4233-af45-042ecb1e2675', '2c36615c-2772-460e-8e7e-2bd01653ee63', 'ef26b0c1-0918-4538-a81d-4903fd715c11', '72687361-d76e-4f2c-b3b4-e19507f12d62', 99.00, 1.00, '2018-04-19 14:59:57', '2018-04-19 14:59:57'),
('0b547ad8-673f-49a3-bc34-4eeff7ee250b', '2c36615c-2772-460e-8e7e-2bd01653ee63', 'ef26b0c1-0918-4538-a81d-4903fd715c11', '-1', 99.00, 1.00, '2018-04-19 14:59:57', '2018-04-19 14:59:57'),
('ccbc16dd-23e6-42b3-90ca-054784ec30b9', '2c36615c-2772-460e-8e7e-2bd01653ee63', 'ef26b0c1-0918-4538-a81d-4903fd715c11', '72687361-d76e-4f2c-b3b4-e19507f12d62', 99.00, 1.00, '2018-05-01 12:14:38', '2018-05-01 12:14:38'),
('b51c7c2c-431c-4ac3-8643-d1f50cdaa94a', '2c36615c-2772-460e-8e7e-2bd01653ee63', 'ef26b0c1-0918-4538-a81d-4903fd715c11', 'f13c5068-3b69-443b-ad11-9dbaeb88b239', 7.50, 1.00, '2018-05-01 12:14:38', '2018-05-01 12:14:38'),
('caab17b8-5065-49ac-b49c-8ad142089713', '2c36615c-2772-460e-8e7e-2bd01653ee63', 'ef26b0c1-0918-4538-a81d-4903fd715c11', 'd141fa26-d5c8-4369-a742-bdd59707c582', 3.40, 1.00, '2018-05-01 12:14:38', '2018-05-01 12:14:38'),
('cd44ef98-9a15-4e39-a05e-3fbf6534dcdb', '2c36615c-2772-460e-8e7e-2bd01653ee63', 'ef26b0c1-0918-4538-a81d-4903fd715c11', '-1', 109.90, 1.00, '2018-05-01 12:14:38', '2018-05-01 12:14:38');

-- --------------------------------------------------------

--
-- Table structure for table `meal_order_header`
--

CREATE TABLE `meal_order_header` (
  `id` varchar(36) NOT NULL,
  `user_id` varchar(36) NOT NULL,
  `meal_id` varchar(36) NOT NULL,
  `number_of_ppl` int(11) NOT NULL,
  `status` int(11) NOT NULL,
  `created` datetime NOT NULL,
  `modified` datetime NOT NULL
) ENGINE=InnoDB DEFAULT CHARSET=utf8 ROW_FORMAT=DYNAMIC;

--
-- Dumping data for table `meal_order_header`
--

INSERT INTO `meal_order_header` (`id`, `user_id`, `meal_id`, `number_of_ppl`, `status`, `created`, `modified`) VALUES
('c21a517f-e766-4d6d-b9ef-a77c48060cfb', '2c36615c-2772-460e-8e7e-2bd01653ee63', '4ddf86d1-b53e-4f20-b114-181efea25477', 1, 0, '2018-02-11 02:45:09', '2018-02-11 02:45:09'),
('03b741c6-69b9-4bdc-aa1c-fcf61e573a73', '2c36615c-2772-460e-8e7e-2bd01653ee63', 'ef26b0c1-0918-4538-a81d-4903fd715c11', 1, 0, '2018-03-10 14:39:49', '2018-03-10 14:39:49'),
('4d2ee8e8-23dd-4d39-a9d3-bf9e8064136f', '2c36615c-2772-460e-8e7e-2bd01653ee63', 'ef26b0c1-0918-4538-a81d-4903fd715c11', 1, 0, '2018-03-27 09:17:07', '2018-03-27 09:17:07'),
('a3aee036-6373-4a90-bec0-333f0cfb8c98', '2c36615c-2772-460e-8e7e-2bd01653ee63', 'ef26b0c1-0918-4538-a81d-4903fd715c11', 1, 0, '2018-03-27 09:58:42', '2018-03-27 09:58:42'),
('7091ce4b-fb10-46dd-8a36-d540f0fee320', '2c36615c-2772-460e-8e7e-2bd01653ee63', 'ef26b0c1-0918-4538-a81d-4903fd715c11', 1, 0, '2018-04-19 14:59:57', '2018-04-19 14:59:57'),
('929b0cd1-87a4-407e-bbcc-33de37254284', '2c36615c-2772-460e-8e7e-2bd01653ee63', 'ef26b0c1-0918-4538-a81d-4903fd715c11', 1, 0, '2018-05-01 12:14:38', '2018-05-01 12:14:38');

-- --------------------------------------------------------

--
-- Table structure for table `meal_reputation`
--

CREATE TABLE `meal_reputation` (
  `id` varchar(36) NOT NULL,
  `user_id` varchar(36) NOT NULL,
  `target_user_id` varchar(36) NOT NULL,
  `meal_id` varchar(36) NOT NULL,
  `score` double(9,2) NOT NULL,
  `comment` text NOT NULL,
  `created` datetime NOT NULL,
  `modified` datetime NOT NULL
) ENGINE=InnoDB DEFAULT CHARSET=utf8;

--
-- Dumping data for table `meal_reputation`
--

INSERT INTO `meal_reputation` (`id`, `user_id`, `target_user_id`, `meal_id`, `score`, `comment`, `created`, `modified`) VALUES
('8daf8f16-7b95-43a9-8e58-3e9de8d63c13', 'ea08a314-c685-4933-9961-23a12df4e57e', '59702413-6ab8-479c-b63e-1b0882211323', '', 3.00, 'This guy is great!!', '1970-01-01 00:00:00', '1970-01-01 00:00:00'),
('d44a0fa2-3125-43ee-96a2-ca55129b4917', 'ea08a314-c685-4933-9961-23a12df4e57e', '59702413-6ab8-479c-b63e-1b0882211323', '', 3.00, 'This guy is amaizing!!', '1970-01-01 00:00:00', '1970-01-01 00:00:00'),
('c659b77c-18ad-4187-b7db-03aea91c70b0', 'ea08a314-c685-4933-9961-23a12df4e57e', '59702413-6ab8-479c-b63e-1b0882211323', '', 3.00, 'This guy is soso!!', '1970-01-01 00:00:00', '1970-01-01 00:00:00');

-- --------------------------------------------------------

--
-- Table structure for table `pd`
--

CREATE TABLE `pd` (
  `id` varchar(36) COLLATE utf8_bin NOT NULL,
  `user_id` varchar(36) COLLATE utf8_bin NOT NULL,
  `d` varchar(256) COLLATE utf8_bin NOT NULL
) ENGINE=InnoDB DEFAULT CHARSET=utf8 COLLATE=utf8_bin;

--
-- Dumping data for table `pd`
--

INSERT INTO `pd` (`id`, `user_id`, `d`) VALUES
('da476ff2-3e3e-450a-81ce-7d74f43ca41c', '2c36615c-2772-460e-8e7e-2bd01653ee63', 'ypIOggXHplQggt3FbS9vtqh25eKpyLuCAe3tAVq5xVo='),
('ab744940-d694-4d0a-ae6b-fe2a90218556', '2c36615c-2772-460e-8e7e-2bd01653ee63', 'ypIOggXHplQggt3FbS9vtqh25eKpyLuCAe3tAVq5xVo=');

-- --------------------------------------------------------

--
-- Table structure for table `place`
--

CREATE TABLE `place` (
  `id` varchar(36) NOT NULL,
  `user_id` varchar(36) NOT NULL,
  `place_name` varchar(256) NOT NULL,
  `unit` varchar(256) NOT NULL,
  `street` varchar(256) NOT NULL,
  `suburb` varchar(256) NOT NULL,
  `state` varchar(20) NOT NULL,
  `postcode` varchar(10) NOT NULL,
  `country` varchar(50) NOT NULL,
  `longitude` double(28,25) NOT NULL,
  `latitude` double(28,25) NOT NULL,
  `memo` text NOT NULL,
  `created` datetime NOT NULL,
  `modified` datetime NOT NULL,
  `status` tinyint(1) NOT NULL
) ENGINE=InnoDB DEFAULT CHARSET=utf8 ROW_FORMAT=COMPACT;

--
-- Dumping data for table `place`
--

INSERT INTO `place` (`id`, `user_id`, `place_name`, `unit`, `street`, `suburb`, `state`, `postcode`, `country`, `longitude`, `latitude`, `memo`, `created`, `modified`, `status`) VALUES
('3fc756d9-adac-4382-831b-af075f9336f0', '2c36615c-2772-460e-8e7e-2bd01653ee63', 'Hide\'s place', '', '112 Middle Horbour Road', 'East Lindfield', 'NSW', '2070', 'Australia', 151.1808776000000300000000000, -33.7729985000000000000000000, '', '2018-02-06 07:45:24', '2018-03-21 14:19:18', 1),
('1cab6f75-ac87-4f8c-860c-afc38f5f851c', '2c36615c-2772-460e-8e7e-2bd01653ee63', '', '', '', '', '', '', '', 0.0000000000000000000000000, 0.0000000000000000000000000, '', '2018-02-17 14:55:40', '2018-02-17 14:55:40', 1),
('197b5750-35bd-460f-b4d0-4427df224ac0', '2c36615c-2772-460e-8e7e-2bd01653ee63', '', '', '', '', '', '', '', 0.0000000000000000000000000, 0.0000000000000000000000000, '', '2018-02-17 14:55:50', '2018-02-17 14:55:50', 1),
('d2918e43-7736-4789-9c6e-b3d8022c7bb2', '2c36615c-2772-460e-8e7e-2bd01653ee63', 'Ashfield place', '', '4 Victoria street', 'Ashfield', 'NSW', '2131', 'Australia', 151.1299943000000200000000000, -33.8905923000000000000000000, '', '2018-02-17 15:06:45', '2018-02-23 15:51:40', 1),
('96f80009-cb01-435f-b3dc-d232e94b2099', '2c36615c-2772-460e-8e7e-2bd01653ee63', 'Rio2', '', '339 Sussex St,', 'Sydney', 'NSW', '2000', 'Australia', 151.1979960000000000000000000, -33.8776054000000000000000000, '', '2018-02-17 15:15:57', '2018-02-24 15:46:45', 1),
('a4b706c6-8345-416b-88f5-5a1cb1c33a22', '2c36615c-2772-460e-8e7e-2bd01653ee63', 'Sushirio', '', '339 Sussex St,', 'Sydney', 'NSW', '2000', 'Australia', 151.2041137999999600000000000, -33.8756929000000000000000000, '', '2018-02-17 15:28:11', '2018-02-25 05:51:57', 1),
('33457579-3244-4a98-bdf2-2c28b6649cd6', '2c36615c-2772-460e-8e7e-2bd01653ee63', 'Lindfield Place', '', '112 Middle Harbor Road', 'East Lindfield', 'NSW', '2070', 'Australia', 151.1807676999999300000000000, -33.7730927000000000000000000, '', '2018-02-23 15:56:23', '2018-02-23 15:56:23', 1),
('0455919b-862a-4d85-8744-046553d120e8', '2c36615c-2772-460e-8e7e-2bd01653ee63', 'Endeavour Place', '', '1 Endeavour Street', 'West Ryde', 'NSW', '2114', 'Australia', 151.0842503000000000000000000, -33.8076883000000000000000000, '', '2018-02-23 16:09:32', '2018-02-23 16:31:33', 1),
('c254f4a8-d8cd-48b2-8f82-c198168257b9', '2c36615c-2772-460e-8e7e-2bd01653ee63', 'Homestay and education australia', '', 'Suite 103, 379 - 383 Pitt Street', 'Sydney', 'NSW', '2000', 'Australia', 151.2076415000000200000000000, -33.8763764000000000000000000, '', '2018-02-25 05:55:12', '2018-02-25 07:39:57', 1);

-- --------------------------------------------------------

--
-- Table structure for table `submeal`
--

CREATE TABLE `submeal` (
  `id` varchar(36) NOT NULL,
  `user_id` varchar(36) NOT NULL,
  `name` varchar(50) NOT NULL,
  `description` mediumtext NOT NULL,
  `price` double(9,2) NOT NULL,
  `category` varchar(50) NOT NULL,
  `photo` varchar(100) NOT NULL,
  `created` datetime NOT NULL,
  `modified` datetime NOT NULL,
  `status` tinyint(1) NOT NULL
) ENGINE=InnoDB DEFAULT CHARSET=utf8 ROW_FORMAT=COMPACT;

--
-- Dumping data for table `submeal`
--

INSERT INTO `submeal` (`id`, `user_id`, `name`, `description`, `price`, `category`, `photo`, `created`, `modified`, `status`) VALUES
('2e762c83-749f-40d3-a83e-e8ba5d620730', 'abc', '炊き込みご飯5', 'きのこと豚肉炊き込みご飯', 7.50, 'Salad', '683d1ece-882c-4000-a692-e2cf777f68fc.jpg', '2018-02-06 07:43:35', '2018-03-22 12:09:53', 1),
('35602a6f-d3cf-412c-9eb4-ed2988196094', '2c36615c-2772-460e-8e7e-2bd01653ee63', '厚揚げのお味噌汁', '', 3.40, '', 'ffd30e9b-b3c4-41a9-ba78-e1bb44bc4da0.jpg', '2018-02-06 07:44:22', '2018-02-17 05:32:05', 1),
('8018da60-e398-45ed-9288-15eb7e74bf28', '2c36615c-2772-460e-8e7e-2bd01653ee63', 'Coke', 'Normal Coke', 2.50, 'Drink', '', '2018-02-23 16:39:04', '2018-02-23 16:39:04', 1),
('c9874638-bc6c-4dc4-a0f8-9b19eeac3e86', '2c36615c-2772-460e-8e7e-2bd01653ee63', 'Sprite', '', 2.50, 'Drink', '', '2018-02-23 17:12:43', '2018-02-23 17:12:43', 1);

-- --------------------------------------------------------

--
-- Table structure for table `testdb`
--

CREATE TABLE `testdb` (
  `id` int(11) NOT NULL,
  `name` varchar(25) NOT NULL,
  `created` datetime NOT NULL DEFAULT CURRENT_TIMESTAMP,
  `modified` datetime NOT NULL DEFAULT CURRENT_TIMESTAMP
) ENGINE=MyISAM DEFAULT CHARSET=latin1;

--
-- Dumping data for table `testdb`
--

INSERT INTO `testdb` (`id`, `name`, `created`, `modified`) VALUES
(1, 'a', '2018-01-04 00:05:20', '2018-01-04 00:05:20'),
(2, 'b', '2018-01-04 00:05:20', '2018-01-04 00:05:20'),
(3, 'c', '2018-01-04 00:05:20', '2018-01-04 00:05:20'),
(4, 'd', '2018-01-04 00:05:20', '2018-01-04 00:05:20'),
(5, 'e', '2018-01-04 00:05:20', '2018-01-04 00:05:20');

-- --------------------------------------------------------

--
-- Table structure for table `token`
--

CREATE TABLE `token` (
  `id` varchar(36) CHARACTER SET latin1 NOT NULL,
  `token` varchar(36) CHARACTER SET latin1 NOT NULL,
  `created` datetime NOT NULL,
  `modified` datetime NOT NULL,
  `expiry` datetime NOT NULL,
  `status` tinyint(4) NOT NULL
) ENGINE=InnoDB DEFAULT CHARSET=utf8 ROW_FORMAT=DYNAMIC;

--
-- Dumping data for table `token`
--

INSERT INTO `token` (`id`, `token`, `created`, `modified`, `expiry`, `status`) VALUES
('f757ff2b-a16f-4d7f-b97e-55966ea0c62b', '50ac3393-0e0c-4c6a-9274-0247a20ae44a', '2017-11-26 05:21:41', '2017-11-26 05:21:41', '2017-11-27 05:21:41', 1),
('7414cb80-bbac-4013-b3bf-c98f7f42457b', '1ebba60f-271c-4a7d-8fbd-a263be1386c4', '2017-11-26 05:22:11', '2017-11-26 05:22:11', '2017-11-27 05:22:11', 1),
('4099d6a3-5677-4ef4-a4c4-740477bcdb3b', '4f260c92-e453-4065-b1af-94d034bd6700', '2017-11-26 05:22:26', '2017-11-26 05:22:26', '2017-11-27 05:22:26', 1),
('829d5919-a194-485f-a724-704d52d7f5f5', 'fa144227-fcc3-437b-be5f-3190a221fb93', '2017-11-26 05:31:59', '2017-11-26 05:31:59', '2017-11-27 05:31:59', 1),
('df588335-92e0-4d8a-94fb-d6bc039d216f', '132db6f7-9be2-4949-b4c8-9926e79f71e2', '2017-11-26 05:36:20', '2017-11-26 05:36:20', '2017-11-27 05:36:20', 1),
('639ece7a-d8fc-4d90-a950-6e7cb024c6fc', '6e92ba18-2cb8-4b46-accd-980f16106fed', '2017-11-26 05:37:35', '2017-11-26 05:37:35', '2017-11-27 05:37:35', 1),
('b0a8489d-6b8c-496a-9ca2-552a57424f0c', 'e1578ed4-02a3-4757-b582-f4b8571b4dda', '2017-11-26 05:37:49', '2017-11-26 05:37:49', '2017-11-27 05:37:49', 1),
('762a4c3e-3f47-40b3-8e70-a9e5bf8a66c0', '4a97947a-08cf-4592-83eb-c6e92c2a49ef', '2017-11-26 05:40:07', '2017-11-26 05:40:07', '2017-11-27 05:40:07', 1),
('dbd4edaf-6b51-4fdd-8150-d36578eee89f', 'afaab114-2745-4b53-ae0f-0cc65a526242', '2017-11-26 05:40:44', '2017-11-26 05:40:44', '2017-11-27 05:40:44', 1),
('e9e9de2a-d326-4a61-b485-aeb3c30cc904', '24a9831d-7b8a-49f3-91e0-ff45a0714d38', '2017-11-26 05:41:04', '2017-11-26 05:41:04', '2017-11-27 05:41:04', 1),
('70d9639f-6d05-437d-b009-c8cfed807aae', '939187e8-6860-4a83-a1c0-c806693100d3', '2017-11-26 05:43:33', '2017-11-26 05:43:33', '2017-11-27 05:43:33', 1),
('0f4760a9-3f27-4c3f-87fa-c81ae823e424', 'e4e07dd1-907c-4c53-9932-0a09cb849e55', '2017-11-26 05:43:43', '2017-11-26 05:43:43', '2017-11-27 05:43:43', 1),
('db1a8c0c-56f9-4ffc-bee3-49c20a43661e', '81ca619a-421b-4452-b922-a40bcea248be', '2017-11-26 05:43:45', '2017-11-26 05:43:45', '2017-11-27 05:43:45', 1),
('e1100984-15d6-420b-b178-7dc19fb79eb6', '123c97ec-3a5a-468c-92fa-b162ce49b21e', '2017-11-26 05:44:12', '2017-11-26 05:44:12', '2017-11-27 05:44:12', 1),
('b720f85a-3743-466b-9835-69f040f2a8cb', '5a305c33-1b44-40dc-af30-d16014b0a84a', '2017-11-26 05:49:21', '2017-11-26 05:49:21', '2017-11-27 05:49:21', 1),
('573e2384-b0a1-468b-91bf-d70aba57894d', 'f593bf4a-6597-49a6-9352-b8350c1517ea', '2017-11-26 06:34:09', '2017-11-26 13:26:37', '2017-11-27 06:34:09', 0),
('11a65d8f-1a27-4695-814c-c1934691d0b7', '857004a0-6f12-4f92-947e-585fe7419388', '2017-11-26 12:27:01', '2017-11-26 12:40:09', '2020-01-01 00:00:00', 0),
('6133425f-66e2-48b0-8b6b-abf17a94daa1', 'ab9d597c-3825-47c0-a2ea-012b13eca9d8', '2017-11-26 13:26:52', '2017-11-26 13:26:52', '2017-11-27 13:26:52', 1),
('deb10fa6-246a-42a4-823d-60d12116eafc', 'de747aa2-9a06-4ed2-9cac-e458a9cfae10', '2017-11-26 13:26:54', '2017-11-26 13:26:54', '2017-11-27 13:26:54', 1),
('eb6932cc-10c7-41f7-a328-5405a0e477e6', '1ca4681e-032c-4bf4-8784-38ff8bc560b4', '2017-11-26 13:26:55', '2017-11-26 13:26:55', '2017-11-27 13:26:55', 1),
('8716d00d-87a4-4079-8777-1d993b062b26', '009b52b8-8589-48fd-809d-93db6ec56e98', '2017-11-26 13:26:55', '2017-11-26 13:26:55', '2017-11-27 13:26:55', 1),
('b798b3da-13ba-45ff-9dd4-1e2b2b940dc6', '70be4ce1-ab3d-416f-b0c1-f601392b0463', '2017-11-26 13:26:56', '2017-11-26 13:26:56', '2017-11-27 13:26:56', 1),
('7f34be24-d957-4c29-a1aa-87b8e76acd11', '82cb8526-a47f-4327-869e-e44e2c2859b0', '2017-11-26 13:26:58', '2017-11-26 13:27:21', '2017-11-27 13:26:58', 0),
('96c4bc3b-2540-40f1-b32a-6eeb5a6aeb74', '688fb0dd-70fe-48f6-a1a7-12a6e0071277', '2017-11-26 13:27:27', '2017-11-26 13:27:27', '2017-11-27 13:27:27', 1),
('9e9c4e71-a20b-44d2-a0d7-45ffb06ae70e', 'e766ee9b-fe5f-4283-8302-1ad390db3868', '2017-11-26 13:27:28', '2017-11-26 13:27:45', '2017-11-27 13:27:28', 0),
('701e0c11-62a6-4470-b9df-9cb57b1f3df3', 'd1d285ce-1b2e-4c73-9b4d-edf99eb72f7f', '2017-11-26 13:27:43', '2017-11-26 13:27:43', '2017-11-27 13:27:43', 1),
('a71a39a8-589b-44dd-aac1-9887883e0e6c', 'f6f8cea4-caa0-48a9-8d93-627379b2864b', '2017-11-26 14:17:43', '2017-11-26 14:17:43', '2017-11-27 14:17:43', 1),
('5adfbabb-76be-4d4c-8c2a-aa5e264c4519', 'c446371d-59ad-47f1-b712-d98bd68377ce', '2017-11-26 14:36:58', '2017-11-26 14:36:58', '2017-11-27 14:36:58', 1),
('f0eb7602-ba34-49ae-be6c-2354d5aab556', 'c3f52021-e916-4f46-8934-fb6142a6b870', '2017-11-26 14:37:05', '2017-11-26 14:37:05', '2017-11-27 14:37:05', 1),
('e782f140-b750-42dc-b31d-59aa9214e226', 'e55c3cea-f76c-453a-a07b-ce10795dbe77', '2017-11-26 14:37:07', '2017-11-26 14:37:07', '2017-11-27 14:37:07', 1),
('559a7195-30cb-4800-9606-79adb49396c2', '057943a7-8a82-4fb7-b72c-c23fb260bf4e', '2017-11-26 14:37:31', '2017-11-26 14:37:31', '2017-11-27 14:37:31', 1),
('b2dbef3d-92c9-417b-9ecd-637acba97b75', 'f8b09730-c9ac-4aab-a6a3-bebc81ac8102', '2017-11-26 14:40:40', '2017-11-26 14:40:40', '2017-11-27 14:40:40', 1),
('3ab3b0a4-693f-427a-8b4d-9b9c45c29da1', '19b87d55-82ef-4aee-ba7a-33b84ceacc76', '2017-11-27 05:11:28', '2017-11-27 05:11:28', '2017-11-28 05:11:28', 1),
('714bc800-f2eb-46e6-8736-7051daa0f6c7', '238ac438-e264-435c-b7c3-604ef8785221', '2017-11-28 10:52:46', '2017-11-28 10:52:46', '2020-11-28 10:52:46', 1),
('2f3e2a98-b589-46b7-a143-ab5b3c6cd3c5', '20bc9c4c-1904-4832-b960-d479b0292eb4', '2017-11-29 03:52:30', '2017-11-29 03:52:30', '2020-11-29 03:52:30', 1),
('68f1f0b1-56ee-490a-91bf-4d919b361d86', '7ba368ab-8d86-4b49-9d26-71c188ead277', '2017-11-30 11:31:48', '2017-11-30 11:31:48', '2020-11-30 11:31:48', 1),
('ba637a4c-a2e1-4039-a1c0-6afae55a27a7', '00aa566b-0bac-4650-ba1d-818e5217f870', '2017-11-30 12:15:35', '2017-11-30 12:15:35', '2020-11-30 12:15:35', 1),
('fd2857a3-8b5e-40cb-9867-75304d63a1f3', '1bfe42bd-ae25-4ac7-9642-fc12be208632', '2017-11-30 12:31:44', '2017-11-30 12:31:44', '2020-11-30 12:31:44', 1),
('ebf5206e-9e17-47b9-8ac1-955cfc91db4c', '043f608e-5f56-4566-8df8-15a65b123637', '2017-11-30 12:32:18', '2017-11-30 12:32:18', '2020-11-30 12:32:18', 1),
('914597bd-4880-4504-bdbe-f085017b5453', '8fd7ec53-d037-4fa4-99e2-0fbf5d3e5f49', '2017-11-30 12:32:41', '2017-11-30 12:32:41', '2020-11-30 12:32:41', 1),
('60cdce47-b9cb-46fb-8bec-c33093e7bd37', 'b650dbcd-c89d-493c-9b4a-fb393520e34e', '2017-11-30 12:52:48', '2017-11-30 12:52:48', '2020-11-30 12:52:48', 1),
('3f8a080e-2667-4ced-8ece-22584bd90196', 'ac11acac-7a88-41fa-b7a1-a1421c55e94b', '2017-12-02 02:27:33', '2017-12-02 02:27:33', '2020-12-02 02:27:33', 1),
('5e6fa625-7117-454d-945b-27d6efa096e0', 'fa5ad07d-9b87-4c3e-91e8-c6b660d55248', '2017-12-02 02:43:39', '2017-12-02 02:43:39', '2020-12-02 02:43:39', 1),
('c2399fe2-7514-4c1d-a1cc-07a337661bcf', 'c10b61c5-c1d4-4592-9983-4fef9ab03fb7', '2017-12-02 04:52:53', '2017-12-02 04:52:53', '2020-12-02 04:52:53', 1),
('15a8ba52-3d4d-4da7-935c-282cc2518e2b', '55c325e2-7d9e-43d8-98fe-3a06fe2553c1', '2017-12-02 04:56:36', '2017-12-02 04:56:36', '2020-12-02 04:56:36', 1),
('d9036e1a-3f1d-45ef-a08a-76f0954712cf', 'f5537673-a6f4-4f9f-94a0-3746b4af2162', '2017-12-02 05:00:46', '2017-12-02 05:00:46', '2020-12-02 05:00:46', 1),
('5013f945-d935-4af3-9f91-225408e492f1', '4e7b03e7-50f1-4eab-ad58-8363d7321bb5', '2017-12-02 05:14:11', '2017-12-02 05:14:11', '2020-12-02 05:14:11', 1),
('7fcb3bd1-4eb1-48c4-a092-89418b35b938', '817c4c87-e128-4eca-a9ba-973c8759b917', '2017-12-02 05:23:01', '2017-12-02 05:23:01', '2020-12-02 05:23:01', 1),
('ca644641-b6c6-4818-aa50-d5fd8bc71a5d', '928b61e3-4b7b-4a05-b26d-e52ceb3a4f26', '2017-12-02 05:28:37', '2017-12-02 05:28:37', '2020-12-02 05:28:37', 1),
('f5ae6c8d-d26d-4e4a-9da4-f2055facd92b', 'b5b25108-3d0a-44d0-bafb-65e735ee5f3e', '2017-12-02 05:31:57', '2017-12-02 05:31:57', '2020-12-02 05:31:57', 1),
('f1c21867-8081-4ba8-a953-86c78de55092', 'dd2413bb-df6c-497e-8f8a-b2e452bbc384', '2017-12-02 05:44:13', '2017-12-02 05:44:13', '2020-12-02 05:44:13', 1),
('22449a2c-fd25-463b-8fe3-f6bbf95a5c85', '1f75cfba-c60b-42ad-8a23-280a4ec4461f', '2017-12-02 05:53:30', '2017-12-02 05:53:30', '2020-12-02 05:53:30', 1),
('a7289a3d-cbfe-4515-a939-894c85f6e81f', 'd0ee7515-c15f-4598-aa11-a8545eb7a4ba', '2017-12-08 23:47:41', '2017-12-08 23:47:41', '2020-12-08 23:47:41', 1),
('428ba0bb-40e5-4050-84d1-365d4dd0d914', '6064d3c5-ffe2-42cf-a9cc-789ed1ad5acb', '2017-12-09 00:48:13', '2017-12-09 00:48:13', '2020-12-09 00:48:13', 1),
('64a21b2e-4be2-4f02-9d6a-d6debafcebef', 'ecd91a84-86a5-40d9-b5e5-342fd3df1355', '2017-12-09 01:04:31', '2017-12-09 01:04:31', '2020-12-09 01:04:31', 1),
('c8fd3e83-979d-4858-8ef0-6351012463a2', 'ce602f14-5be9-45c0-845c-f70fa4624975', '2017-12-09 01:10:22', '2017-12-09 01:10:22', '2020-12-09 01:10:22', 1),
('3ba92fab-52a4-4e51-ad2d-219bffcb0d28', 'b7be7427-4210-48f2-b44e-853a220dcefc', '2017-12-09 01:23:29', '2017-12-09 01:23:29', '2020-12-09 01:23:29', 1),
('325e5c26-0de6-4f84-9b35-b1d5f8efc413', '1aaa68b7-19a5-4b8b-a192-5aa9af1591b8', '2017-12-09 01:24:27', '2017-12-09 01:24:27', '2020-12-09 01:24:27', 1),
('bde87895-4d3b-4cf1-b159-2e0379241f7b', '1e112101-9a8b-455f-958a-0029981b2103', '2017-12-09 01:26:21', '2017-12-09 01:26:21', '2020-12-09 01:26:21', 1),
('4b785797-390e-4d54-b74b-2a97ed15c469', '39a878c9-5ecd-473a-85c7-337dbf39a930', '2017-12-09 01:27:09', '2017-12-09 01:27:09', '2020-12-09 01:27:09', 1),
('5a48c7cd-0698-4070-80e1-25b104aa318a', 'de143d69-1390-416c-9ff1-a2b33ae472f0', '2017-12-09 01:41:46', '2017-12-09 01:41:46', '2020-12-09 01:41:46', 1),
('5032f26a-f9b8-4be4-882c-531a698efb00', 'b6c40637-c667-4e2c-acbd-bd019650045c', '2017-12-09 01:44:01', '2017-12-09 01:44:01', '2020-12-09 01:44:01', 1),
('1f8273d2-299b-4cae-90f1-db039d47f5fa', 'cbd3caf8-2316-48c6-9ee3-bcdc5609c56b', '2017-12-18 12:20:22', '2017-12-18 12:20:22', '2020-12-18 12:20:22', 1),
('1d9d4456-0c95-4754-9869-eb79ca59c3be', '0fe285fc-ed2d-45db-aeff-5ed3a6259fbd', '2017-12-18 12:50:50', '2017-12-18 12:50:50', '2020-12-18 12:50:50', 1),
('42f0f1f9-b547-4dfd-b9f6-534ca94b9814', '4a9d26fb-f841-4409-ae07-f62e6485a11b', '2017-12-18 12:58:17', '2017-12-18 12:58:17', '2020-12-18 12:58:17', 1),
('48a0664b-3eee-499f-8baf-ed4a680b9b36', '4b5f24ed-c32c-4512-8050-24d0a15ee967', '2017-12-21 06:30:27', '2017-12-21 06:30:27', '2020-12-21 06:30:27', 1),
('9942e0b9-d616-42ba-9b08-527a1a17c6e9', '5c8d22ac-d234-45cd-829b-7f7602c87060', '2017-12-21 10:47:21', '2017-12-21 11:03:51', '2020-12-21 10:47:21', 0),
('74bac09a-2986-470a-a2d8-cbf4f8127229', 'fda5182b-755b-4564-b2e5-8f9b10c0229c', '2017-12-21 11:04:06', '2017-12-21 13:07:37', '2020-12-21 11:04:06', 0),
('2bfd590f-f800-4dfe-8d5e-6d7db21f2416', 'd0fbffc0-2f1b-4879-8909-f8a6a87f0a04', '2017-12-21 13:07:45', '2017-12-21 13:07:45', '2020-12-21 13:07:45', 1),
('627038dd-57f0-4a86-8759-0d03c985fa9b', '7a47d44f-b8e3-4d64-a906-84aea33b58ea', '2017-12-23 02:11:43', '2017-12-23 02:11:43', '2020-12-23 02:11:43', 1),
('2d7bfa74-b89e-4f79-8676-12ff40fc62e1', '3794e851-871b-4eab-b91d-95c9d74f6892', '2017-12-23 02:29:13', '2017-12-23 04:46:05', '2020-12-23 02:29:13', 0),
('119d29cb-44f6-4496-90c6-757daf56e11e', '8d95ced0-7666-4346-822b-1140dbb0eff6', '2017-12-23 02:44:31', '2017-12-23 02:44:31', '2020-12-23 02:44:31', 1),
('92a7efc9-dd19-42f3-b3b6-410962267866', '4161ae2d-1bf2-4f1e-ac26-47188d6efa38', '2017-12-23 04:46:57', '2017-12-23 05:21:46', '2020-12-23 04:46:57', 0),
('d9ebcba6-6e75-4fab-b62a-1038d568afa0', '8b08e406-fdd4-4c7a-a51d-5c2addda0648', '2017-12-23 05:21:49', '2017-12-23 05:21:49', '2020-12-23 05:21:49', 1),
('4a8d5af1-1617-4c1a-8903-0d1be0f7a18a', '4d590d80-b88b-40a5-a44d-763c8b7efb09', '2018-01-25 12:01:37', '2018-01-25 12:01:37', '2117-01-25 12:01:37', 1);

-- --------------------------------------------------------

--
-- Table structure for table `user`
--

CREATE TABLE `user` (
  `id` varchar(36) NOT NULL,
  `fb_id` varchar(255) NOT NULL,
  `first_name` varchar(50) NOT NULL,
  `middle_name` varchar(50) NOT NULL,
  `family_name` varchar(36) NOT NULL,
  `email` varchar(256) NOT NULL,
  `status` int(11) NOT NULL,
  `created` datetime NOT NULL,
  `modified` datetime NOT NULL,
  `dob` date NOT NULL,
  `host` tinyint(1) NOT NULL,
  `password` varchar(256) NOT NULL,
  `photo_name` varchar(255) NOT NULL
) ENGINE=InnoDB DEFAULT CHARSET=utf8;

--
-- Dumping data for table `user`
--

INSERT INTO `user` (`id`, `fb_id`, `first_name`, `middle_name`, `family_name`, `email`, `status`, `created`, `modified`, `dob`, `host`, `password`, `photo_name`) VALUES
('59702413-6ab8-479c-b63e-1b0882211323', '', 'Hideaki', '', 'Kobayashi', 'bb.haruna@gmail.com', 1, '2017-07-20 05:31:30', '2017-07-20 05:31:30', '2017-07-20', 0, '$2a$10$zZlVBCtzGBYwUWaxtheO3.0oX2eEAugRjlcKwWhcBycNObZodT5w.', ''),
('2c36615c-2772-460e-8e7e-2bd01653ee63', '', 'Hideaki', '', 'Kobayashi', 'test1@testabc.com', 1, '0000-00-00 00:00:00', '0000-00-00 00:00:00', '1987-10-26', 1, 'cc03e747a6afbbcbf8be7668acfebee5', 'b6b45a7e-4797-4ab8-8691-b06041241162.jpg'),
('ea827dc2-77eb-4530-8d90-15c0c18309d8', '', '', '', '', 'test2@testabc.com', 1, '2017-11-26 03:18:31', '2017-11-26 03:18:31', '0000-00-00', 0, 'cc03e747a6afbbcbf8be7668acfebee5', ''),
('795680a6-5078-40ee-ae5e-df952fd2c3b0', '', '', '', '', 'test3@testabc.com', 1, '2017-11-26 03:33:16', '2017-11-26 03:33:16', '0000-00-00', 0, 'cc03e747a6afbbcbf8be7668acfebee5', ''),
('153253f7-c2cd-46de-bb77-4ed41683f903', '', '', '', '', 'test4@testabc.com', 1, '2017-11-26 03:42:53', '2017-11-26 03:42:53', '0000-00-00', 0, 'cc03e747a6afbbcbf8be7668acfebee5', ''),
('0f4e417e-13c3-4f93-b5f3-6838fc4bc655', '', '', '', '', 'testabc123@gmail.com', 1, '2017-11-26 03:46:10', '2017-11-26 03:46:10', '0000-00-00', 0, 'cc03e747a6afbbcbf8be7668acfebee5', '4ba62ac6-83a4-484e-ac8a-94fa9cdc6bc9.png'),
('cab0cba9-f00b-474b-9d02-82188f0f43c9', '', '', '', '', 'test6@testabc.com', 1, '2017-11-26 04:06:04', '2017-11-26 04:06:04', '0000-00-00', 0, 'cc03e747a6afbbcbf8be7668acfebee5', ''),
('39ea473c-e1ad-4648-b1f1-1631af90d2b0', '', '', '', '', 'test345@test.com', 1, '2017-11-26 04:41:31', '2017-11-26 04:41:31', '0000-00-00', 0, 'cc03e747a6afbbcbf8be7668acfebee5', ''),
('4e3b5dcc-6b01-4fe2-8011-d92acc6d833c', '', '', '', '', 'yoshiharu.takuno@gmail.com', 1, '2017-11-26 04:41:40', '2017-11-26 04:41:40', '0000-00-00', 0, 'e10adc3949ba59abbe56e057f20f883e', ''),
('ea08a314-c685-4933-9961-23a12df4e57e', '', '', '', '', 'testabc1234@gmail.com', 1, '2017-11-26 12:27:01', '2017-11-26 12:27:01', '0000-00-00', 0, '202cb962ac59075b964b07152d234b70', '3bf7faf3-e18f-41a6-b1ea-0317e20397ca.jpg'),
('1849dc51-fd40-4dad-a5bb-3b2dd01ef2f7', '', '', '', '', 'hideaki_kobayashijp@yahoo.co.jp', 1, '2017-12-09 00:48:13', '2017-12-09 00:48:13', '0000-00-00', 0, '8a8812795e75afdfde55d2d436615ba6', ''),
('08cd1bf4-55c6-45eb-8307-4b14795b2746', '', '123456', '', '123456', 'yoshiharutakuno@gmail.com', 1, '2017-12-09 01:04:31', '2017-12-09 01:04:31', '1987-10-26', 0, 'e10adc3949ba59abbe56e057f20f883e', ''),
('45eb613c-6d2d-47db-936c-6d8b0b400e5a', '', 'Yoshiharu', '', 'Takuno', 'yoshiharu_takuno@hotmail.com', 1, '2017-12-09 01:26:21', '2017-12-09 01:26:21', '1994-11-17', 0, '202cb962ac59075b964b07152d234b70', ''),
('54337465-61b0-49e4-9a3c-68359f8203ba', '', 'KOBAYASHI', '', 'HIDEAKI', 'bb_haruna@hotmail.com', 1, '2017-12-09 01:44:01', '2017-12-09 01:44:01', '1994-11-17', 0, 'fcea920f7412b5da7be0cf42b8c93759', ''),
('0da1241e-492c-44ea-8cbc-e089a4d8ac34', '', '123456', '', '123456', 'yoshiharutakun@gmail.com', 1, '2017-12-18 12:58:17', '2017-12-18 12:58:17', '1987-10-26', 0, 'e10adc3949ba59abbe56e057f20f883e', ''),
('dfe5aacc-d220-43fb-a90c-05c0021ebdce', '', 'Hideaki', '', 'Kobayashi', 'hideaki_kobayashijp2@yahoo.co.jp', 1, '2018-02-17 05:16:58', '2018-02-17 05:16:58', '1987-10-26', 0, '098f6bcd4621d373cade4e832627b4f6', ''),
('73d1a278-4819-4f83-9b23-84b548206346', '', 'Hideaki', '', 'Kobayashi', 'hideaki_kobayashijp3@yahoo.co.jp', 1, '2018-02-17 05:19:43', '2018-02-17 05:19:43', '1987-10-26', 0, 'e358efa489f58062f10dd7316b65649e', ''),
('13ad4f14-396c-4a30-828f-e811abf762b9', '', '', '', '', '', 1, '2018-03-22 01:22:54', '2018-03-22 01:22:54', '0000-00-00', 0, 'd41d8cd98f00b204e9800998ecf8427e', '');

-- --------------------------------------------------------

--
-- Table structure for table `user_purchase`
--

CREATE TABLE `user_purchase` (
  `id` varchar(36) NOT NULL,
  `meal_id` varchar(36) NOT NULL,
  `user_id` varchar(36) NOT NULL,
  `meal_detail_id` varchar(36) NOT NULL,
  `price` double(9,2) NOT NULL,
  `created` datetime NOT NULL,
  `modified` datetime NOT NULL
) ENGINE=InnoDB DEFAULT CHARSET=utf8;

-- --------------------------------------------------------

--
-- Table structure for table `user_reputation`
--

CREATE TABLE `user_reputation` (
  `id` varchar(36) COLLATE utf8_bin NOT NULL,
  `user_id` varchar(36) COLLATE utf8_bin NOT NULL,
  `target_user_id` varchar(36) COLLATE utf8_bin NOT NULL,
  `status` int(11) NOT NULL,
  `created` datetime NOT NULL DEFAULT CURRENT_TIMESTAMP
) ENGINE=InnoDB DEFAULT CHARSET=utf8 COLLATE=utf8_bin;

-- --------------------------------------------------------

--
-- Table structure for table `user_token`
--

CREATE TABLE `user_token` (
  `id` varchar(36) CHARACTER SET latin1 NOT NULL,
  `token_id` varchar(36) CHARACTER SET latin1 NOT NULL,
  `user_id` varchar(36) CHARACTER SET latin1 NOT NULL,
  `created` datetime NOT NULL
) ENGINE=InnoDB DEFAULT CHARSET=utf8 ROW_FORMAT=DYNAMIC;

--
-- Dumping data for table `user_token`
--

INSERT INTO `user_token` (`id`, `token_id`, `user_id`, `created`) VALUES
('02637e0b-bb7a-4c9e-abcb-beea6a0026a8', 'fa144227-fcc3-437b-be5f-3190a221fb93', '0f4e417e-13c3-4f93-b5f3-6838fc4bc655', '2017-11-26 05:31:59'),
('0bbf9274-67b9-4e17-9298-3623ade3d44f', '132db6f7-9be2-4949-b4c8-9926e79f71e2', '0f4e417e-13c3-4f93-b5f3-6838fc4bc655', '2017-11-26 05:36:20'),
('718aee93-d21f-4aac-b7cd-d42f5c3821ea', '6e92ba18-2cb8-4b46-accd-980f16106fed', '0f4e417e-13c3-4f93-b5f3-6838fc4bc655', '2017-11-26 05:37:35'),
('bc6008a2-8a8c-4c41-8f3d-2f56930418b3', 'e1578ed4-02a3-4757-b582-f4b8571b4dda', '0f4e417e-13c3-4f93-b5f3-6838fc4bc655', '2017-11-26 05:37:49'),
('1e29aad4-a377-4033-9d20-24920e47a662', '4a97947a-08cf-4592-83eb-c6e92c2a49ef', '0f4e417e-13c3-4f93-b5f3-6838fc4bc655', '2017-11-26 05:40:07'),
('5939201c-335d-43d6-84da-720ffc30c3b7', 'afaab114-2745-4b53-ae0f-0cc65a526242', '0f4e417e-13c3-4f93-b5f3-6838fc4bc655', '2017-11-26 05:40:44'),
('ed06f71c-c7d2-4476-91a6-978fc25ea670', '24a9831d-7b8a-49f3-91e0-ff45a0714d38', '0f4e417e-13c3-4f93-b5f3-6838fc4bc655', '2017-11-26 05:41:04'),
('abf02cf3-1c47-4bc7-86e8-f13905b98453', '939187e8-6860-4a83-a1c0-c806693100d3', '0f4e417e-13c3-4f93-b5f3-6838fc4bc655', '2017-11-26 05:43:33'),
('e0688e23-9419-4467-81b4-9bf3fcefb63b', 'e4e07dd1-907c-4c53-9932-0a09cb849e55', '0f4e417e-13c3-4f93-b5f3-6838fc4bc655', '2017-11-26 05:43:43'),
('2ca5f818-82cd-4c3b-bad8-f396f173c902', '81ca619a-421b-4452-b922-a40bcea248be', '0f4e417e-13c3-4f93-b5f3-6838fc4bc655', '2017-11-26 05:43:45'),
('3d7b0c60-f9b9-4df7-845f-f5645817ff17', '123c97ec-3a5a-468c-92fa-b162ce49b21e', '0f4e417e-13c3-4f93-b5f3-6838fc4bc655', '2017-11-26 05:44:12'),
('6ac6bc22-bd77-4374-80d9-ee341921bcc6', '5a305c33-1b44-40dc-af30-d16014b0a84a', '0f4e417e-13c3-4f93-b5f3-6838fc4bc655', '2017-11-26 05:49:21'),
('342c5051-089e-4fbc-93c8-4eb9e19393d3', 'f593bf4a-6597-49a6-9352-b8350c1517ea', '0f4e417e-13c3-4f93-b5f3-6838fc4bc655', '2017-11-26 06:34:09'),
('d393b497-76a7-4804-b855-0aaf60c544af', '857004a0-6f12-4f92-947e-585fe7419388', 'ea08a314-c685-4933-9961-23a12df4e57e', '2017-11-26 12:27:01'),
('45bac547-9cd8-403a-9442-c6efddfefe07', 'ab9d597c-3825-47c0-a2ea-012b13eca9d8', '0f4e417e-13c3-4f93-b5f3-6838fc4bc655', '2017-11-26 13:26:52'),
('fc835845-730b-4c72-bbdf-a079bed39557', 'de747aa2-9a06-4ed2-9cac-e458a9cfae10', '0f4e417e-13c3-4f93-b5f3-6838fc4bc655', '2017-11-26 13:26:54'),
('6a059520-dbb7-4e86-a0da-a9d683f26262', '1ca4681e-032c-4bf4-8784-38ff8bc560b4', '0f4e417e-13c3-4f93-b5f3-6838fc4bc655', '2017-11-26 13:26:55'),
('2ad58530-e42d-49df-899a-d4fe9d75d126', '009b52b8-8589-48fd-809d-93db6ec56e98', '0f4e417e-13c3-4f93-b5f3-6838fc4bc655', '2017-11-26 13:26:55'),
('2f2d49a6-7941-40ec-a37c-9aad93831a9b', '70be4ce1-ab3d-416f-b0c1-f601392b0463', '0f4e417e-13c3-4f93-b5f3-6838fc4bc655', '2017-11-26 13:26:56'),
('fdad9543-7e8d-4791-866f-556dceb0f9ff', '82cb8526-a47f-4327-869e-e44e2c2859b0', '0f4e417e-13c3-4f93-b5f3-6838fc4bc655', '2017-11-26 13:26:58'),
('c025e5b9-ffff-49f0-8baa-07a53e43c0fd', '688fb0dd-70fe-48f6-a1a7-12a6e0071277', '0f4e417e-13c3-4f93-b5f3-6838fc4bc655', '2017-11-26 13:27:27'),
('f9089ef8-ee59-440e-8bbf-a93d590bb660', 'e766ee9b-fe5f-4283-8302-1ad390db3868', '0f4e417e-13c3-4f93-b5f3-6838fc4bc655', '2017-11-26 13:27:28'),
('0e4405e0-9259-43b9-a016-cb832deb03c6', 'd1d285ce-1b2e-4c73-9b4d-edf99eb72f7f', '0f4e417e-13c3-4f93-b5f3-6838fc4bc655', '2017-11-26 13:27:43'),
('7d5b0c1b-9b8d-4f15-aa63-91f913bc2eed', 'f6f8cea4-caa0-48a9-8d93-627379b2864b', '0f4e417e-13c3-4f93-b5f3-6838fc4bc655', '2017-11-26 14:17:43'),
('3cffe4e5-9b5c-43f8-87ea-9b0275402f58', 'c446371d-59ad-47f1-b712-d98bd68377ce', '0f4e417e-13c3-4f93-b5f3-6838fc4bc655', '2017-11-26 14:36:58'),
('1ec1566c-9762-4493-bc16-964e6620d749', 'c3f52021-e916-4f46-8934-fb6142a6b870', '0f4e417e-13c3-4f93-b5f3-6838fc4bc655', '2017-11-26 14:37:05'),
('ed4fa907-6bac-4bfb-84f3-2ba11fcfd549', 'e55c3cea-f76c-453a-a07b-ce10795dbe77', '0f4e417e-13c3-4f93-b5f3-6838fc4bc655', '2017-11-26 14:37:07'),
('7cf4994c-3fee-4882-ad8a-04040f39bbbf', '057943a7-8a82-4fb7-b72c-c23fb260bf4e', '0f4e417e-13c3-4f93-b5f3-6838fc4bc655', '2017-11-26 14:37:31'),
('7ceb1152-544b-474f-bf59-d85bc1688976', 'f8b09730-c9ac-4aab-a6a3-bebc81ac8102', '0f4e417e-13c3-4f93-b5f3-6838fc4bc655', '2017-11-26 14:40:40'),
('282b9335-4ab7-4b6d-84f4-5cd35a14b37e', '19b87d55-82ef-4aee-ba7a-33b84ceacc76', '0f4e417e-13c3-4f93-b5f3-6838fc4bc655', '2017-11-27 05:11:28'),
('400a404d-3ba3-4520-a561-0d56c4fb137d', '238ac438-e264-435c-b7c3-604ef8785221', 'ea08a314-c685-4933-9961-23a12df4e57e', '2017-11-28 10:52:46'),
('62504968-25cf-454e-88da-f3fdb7e66fad', '20bc9c4c-1904-4832-b960-d479b0292eb4', '0f4e417e-13c3-4f93-b5f3-6838fc4bc655', '2017-11-29 03:52:30'),
('9bbc8ac8-2c16-48ef-8b92-e0c4fbf6390c', '7ba368ab-8d86-4b49-9d26-71c188ead277', '0f4e417e-13c3-4f93-b5f3-6838fc4bc655', '2017-11-30 11:31:48'),
('1b4a76dc-f2a6-4979-8ec2-6afbdc8dc382', '00aa566b-0bac-4650-ba1d-818e5217f870', '0f4e417e-13c3-4f93-b5f3-6838fc4bc655', '2017-11-30 12:15:35'),
('a6026225-e487-4585-89c2-5ea618427cb9', '1bfe42bd-ae25-4ac7-9642-fc12be208632', '0f4e417e-13c3-4f93-b5f3-6838fc4bc655', '2017-11-30 12:31:44'),
('509ff376-5b9e-44a3-9890-549eaff26cc3', '043f608e-5f56-4566-8df8-15a65b123637', '0f4e417e-13c3-4f93-b5f3-6838fc4bc655', '2017-11-30 12:32:18'),
('fb33d493-16c1-4a68-9222-4e02d8de4526', '8fd7ec53-d037-4fa4-99e2-0fbf5d3e5f49', '0f4e417e-13c3-4f93-b5f3-6838fc4bc655', '2017-11-30 12:32:41'),
('c4650b15-7a08-46fb-9be7-be5b74e68438', 'b650dbcd-c89d-493c-9b4a-fb393520e34e', 'ea08a314-c685-4933-9961-23a12df4e57e', '2017-11-30 12:52:48'),
('140976f0-01bb-4b73-946b-d48d2d53cd58', 'ac11acac-7a88-41fa-b7a1-a1421c55e94b', '0f4e417e-13c3-4f93-b5f3-6838fc4bc655', '2017-12-02 02:27:33'),
('568d15e2-8181-4115-9fca-7a07938b42ee', 'fa5ad07d-9b87-4c3e-91e8-c6b660d55248', '0f4e417e-13c3-4f93-b5f3-6838fc4bc655', '2017-12-02 02:43:39'),
('ba571c53-5969-4d50-b92f-ef342ee49e4b', 'c10b61c5-c1d4-4592-9983-4fef9ab03fb7', '0f4e417e-13c3-4f93-b5f3-6838fc4bc655', '2017-12-02 04:52:53'),
('c5a5d325-c5b4-445b-b5e9-dd7c5df2a163', '55c325e2-7d9e-43d8-98fe-3a06fe2553c1', '0f4e417e-13c3-4f93-b5f3-6838fc4bc655', '2017-12-02 04:56:36'),
('b8a5dcff-3d26-4d8f-816f-f27c70937d25', 'f5537673-a6f4-4f9f-94a0-3746b4af2162', '0f4e417e-13c3-4f93-b5f3-6838fc4bc655', '2017-12-02 05:00:46'),
('54524204-1d0b-400c-840f-51dc292967ab', '4e7b03e7-50f1-4eab-ad58-8363d7321bb5', '0f4e417e-13c3-4f93-b5f3-6838fc4bc655', '2017-12-02 05:14:11'),
('3c3d2d6a-d886-4063-9515-250bd4026178', '817c4c87-e128-4eca-a9ba-973c8759b917', '0f4e417e-13c3-4f93-b5f3-6838fc4bc655', '2017-12-02 05:23:01'),
('596e3470-7aed-454b-b894-cc40472648b1', '928b61e3-4b7b-4a05-b26d-e52ceb3a4f26', '0f4e417e-13c3-4f93-b5f3-6838fc4bc655', '2017-12-02 05:28:37'),
('3f946bf7-83bf-4880-9143-7f3a76f97f94', 'b5b25108-3d0a-44d0-bafb-65e735ee5f3e', '0f4e417e-13c3-4f93-b5f3-6838fc4bc655', '2017-12-02 05:31:57'),
('0623a4fa-08b4-4639-8bde-a3d9034f3998', 'dd2413bb-df6c-497e-8f8a-b2e452bbc384', '0f4e417e-13c3-4f93-b5f3-6838fc4bc655', '2017-12-02 05:44:13'),
('c5a413fb-67b5-44d7-b068-48e099b95f3a', '1f75cfba-c60b-42ad-8a23-280a4ec4461f', '0f4e417e-13c3-4f93-b5f3-6838fc4bc655', '2017-12-02 05:53:30'),
('eabb7dc8-606e-4544-ac1c-2890d54581aa', 'd0ee7515-c15f-4598-aa11-a8545eb7a4ba', 'ea08a314-c685-4933-9961-23a12df4e57e', '2017-12-08 23:47:41'),
('dc7c4992-02c4-41ec-bbac-2bf2932f32d5', '6064d3c5-ffe2-42cf-a9cc-789ed1ad5acb', '1849dc51-fd40-4dad-a5bb-3b2dd01ef2f7', '2017-12-09 00:48:13'),
('61088b66-b9e9-407d-ae06-0f2e0d42a431', 'ecd91a84-86a5-40d9-b5e5-342fd3df1355', '08cd1bf4-55c6-45eb-8307-4b14795b2746', '2017-12-09 01:04:31'),
('43012733-e0d6-46df-82c2-f218c4bc5c0b', 'ce602f14-5be9-45c0-845c-f70fa4624975', '0f4e417e-13c3-4f93-b5f3-6838fc4bc655', '2017-12-09 01:10:22'),
('e65dadc4-4937-47ca-9cf4-1660969f102a', 'b7be7427-4210-48f2-b44e-853a220dcefc', '0f4e417e-13c3-4f93-b5f3-6838fc4bc655', '2017-12-09 01:23:29'),
('b11e6900-074a-4016-b4b9-dceaec53c477', '1aaa68b7-19a5-4b8b-a192-5aa9af1591b8', '4edf7cde-443d-487a-9dc8-ad3b5e9a9847', '2017-12-09 01:24:27'),
('cd09c89f-a386-4007-8ff4-ec6a3e34844f', '1e112101-9a8b-455f-958a-0029981b2103', '45eb613c-6d2d-47db-936c-6d8b0b400e5a', '2017-12-09 01:26:21'),
('7054aaac-7c49-4daa-aad7-6188aac75e58', '39a878c9-5ecd-473a-85c7-337dbf39a930', '45eb613c-6d2d-47db-936c-6d8b0b400e5a', '2017-12-09 01:27:09'),
('5f056379-8b85-44da-affd-bb0e6c15ac08', 'de143d69-1390-416c-9ff1-a2b33ae472f0', '0f4e417e-13c3-4f93-b5f3-6838fc4bc655', '2017-12-09 01:41:46'),
('0e849cd5-49e8-4301-a613-836da0d20347', 'b6c40637-c667-4e2c-acbd-bd019650045c', '54337465-61b0-49e4-9a3c-68359f8203ba', '2017-12-09 01:44:01'),
('a69c636c-bb1e-45bf-9f4e-3c00cf415953', 'cbd3caf8-2316-48c6-9ee3-bcdc5609c56b', '0f4e417e-13c3-4f93-b5f3-6838fc4bc655', '2017-12-18 12:20:22'),
('e93fe0c8-4c7d-4f58-84e9-e127c87b281f', '0fe285fc-ed2d-45db-aeff-5ed3a6259fbd', '0f4e417e-13c3-4f93-b5f3-6838fc4bc655', '2017-12-18 12:50:50'),
('c7a05890-b333-4194-b3c3-e09a6b936121', '4a9d26fb-f841-4409-ae07-f62e6485a11b', '0da1241e-492c-44ea-8cbc-e089a4d8ac34', '2017-12-18 12:58:17'),
('7ada87cb-d624-4228-81c2-9e05d9323226', '4b5f24ed-c32c-4512-8050-24d0a15ee967', '0f4e417e-13c3-4f93-b5f3-6838fc4bc655', '2017-12-21 06:30:27'),
('ac856910-beae-4ad6-a53b-4dbfcc1e1339', '5c8d22ac-d234-45cd-829b-7f7602c87060', '0f4e417e-13c3-4f93-b5f3-6838fc4bc655', '2017-12-21 10:47:21'),
('f0f70db1-a6ac-41e0-8c84-8fff34fa026e', 'fda5182b-755b-4564-b2e5-8f9b10c0229c', '0f4e417e-13c3-4f93-b5f3-6838fc4bc655', '2017-12-21 11:04:06'),
('2d064198-140a-4f10-a3d0-3fac5f483b28', 'd0fbffc0-2f1b-4879-8909-f8a6a87f0a04', '0f4e417e-13c3-4f93-b5f3-6838fc4bc655', '2017-12-21 13:07:45'),
('05ed002a-052f-4b85-9890-3cbf21152de9', '7a47d44f-b8e3-4d64-a906-84aea33b58ea', '0f4e417e-13c3-4f93-b5f3-6838fc4bc655', '2017-12-23 02:11:43'),
('16c217e1-b5bb-4ef6-beea-375813b4ae90', '3794e851-871b-4eab-b91d-95c9d74f6892', '0f4e417e-13c3-4f93-b5f3-6838fc4bc655', '2017-12-23 02:29:13'),
('400e8db5-fd03-49a2-9dce-22f54a204023', '8d95ced0-7666-4346-822b-1140dbb0eff6', '0f4e417e-13c3-4f93-b5f3-6838fc4bc655', '2017-12-23 02:44:31'),
('9b23a188-7e38-4b1f-9d85-ad9ff0bcb240', '4161ae2d-1bf2-4f1e-ac26-47188d6efa38', '0f4e417e-13c3-4f93-b5f3-6838fc4bc655', '2017-12-23 04:46:57'),
('5420a7f7-8c10-418f-a6e3-c8e0b96ae704', '8b08e406-fdd4-4c7a-a51d-5c2addda0648', '0f4e417e-13c3-4f93-b5f3-6838fc4bc655', '2017-12-23 05:21:49'),
('46cdf3f6-41cc-4614-a9e3-3a68b58fccda', '4d590d80-b88b-40a5-a44d-763c8b7efb09', '0f4e417e-13c3-4f93-b5f3-6838fc4bc655', '2018-01-25 12:01:37');

--
-- Indexes for dumped tables
--

--
-- Indexes for table `testdb`
--
ALTER TABLE `testdb`
  ADD PRIMARY KEY (`id`);

--
-- AUTO_INCREMENT for dumped tables
--

--
-- AUTO_INCREMENT for table `testdb`
--
ALTER TABLE `testdb`
  MODIFY `id` int(11) NOT NULL AUTO_INCREMENT, AUTO_INCREMENT=6;
/*!40101 SET CHARACTER_SET_CLIENT=@OLD_CHARACTER_SET_CLIENT */;
/*!40101 SET CHARACTER_SET_RESULTS=@OLD_CHARACTER_SET_RESULTS */;
/*!40101 SET COLLATION_CONNECTION=@OLD_COLLATION_CONNECTION */;
